Column1,Column2,Column3,Column4,Column5,Column6,Column7,Column8,Column9,Column10,Column11,Column12,Column13
0.7,0.6488226539008989,0.6622306529433105,0.6663137600183917,0.6641066229978303,0.6741996608425881,0.6762936225369959,0.6503619351205715,0.6629197248948492,0.6440791659813966,0.6465686572026741,0.6094927303897849,0.6045158266114361
0.75,0.6945178130504126,0.7090451992140475,0.7134721816831446,0.7110786643963237,0.7220173046118894,0.7242879175796437,0.6961872977088006,0.7097920911205052,0.6893799663006381,0.6920762475175801,0.6519399298570007,0.646555213901424
0.8,0.7401286729351715,0.755796484906104,0.760574310965638,0.7579904482670511,0.7697907853596663,0.7722416206886497,0.7419312930972677,0.7566021192279274,0.7345894581527252,0.7374959818691945,0.6942470116860049,0.6884478330770384
0.85,0.7856671269370342,0.8024932665250077,0.8076279693948137,0.8048504089257454,0.8175262068004344,0.8201602921043799,0.7876053342965862,0.8033585445116737,0.7797203962329252,0.7828402722005943,0.7364337919142746,0.7302144222219822
0.9,0.8311357702143828,0.8491374654591122,0.8546349933430639,0.8516604232409724,0.8652248742755824,0.8680451351136843,0.833212029505754,0.8500632759265279,0.8247755763874333,0.8281118014948846,0.7785046667485752,0.7718596059329503
0.95,0.8765366803617178,0.8957306648023586,0.9015970396797586,0.8984220798456383,0.91288786155022,0.9158971625073776,0.8787535687011135,0.8967178893199687,0.8697572202659304,0.873312683892016,0.8204630387069033,0.8133868224261059
0.999,0.9209675936859829,0.9413458155819034,0.9475798659829444,0.9442049745745695,0.9595656596790715,0.9627629486255773,0.9233250775196196,0.9423940864302454,0.9137717147147492,0.9175447292868909,0.8614778696983649,0.8539739056505313
