Column1,Column2,Column3,Column4,Column5,Column6,Column7,Column8,Column9,Column10,Column11,Column12,Column13
0.07664691760919348,0.07694330681140288,0.0770164491309622,0.07693807763234059,0.07696455702766096,0.0766385297215858,0.07674050693534967,0.07696373445768995,0.07681199172337512,0.07695543062905774,0.0772186327493038,0.07705451323392584,0.07710735233815194
