Column1,Column2,Column3,Column4,Column5,Column6,Column7,Column8,Column9,Column10,Column11,Column12,Column13
0.08200694400515848,0.07529280872754415,0.07436520295302552,0.072139889091938,0.0784364189550313,0.08539857730143545,0.07294970460963864,0.07900706520835996,0.07972779706321358,0.07169169336925216,0.0794644432202884,0.07580476178324713,0.07371469371186729
