Column1,Column2,Column3,Column4,Column5,Column6,Column7,Column8,Column9,Column10,Column11,Column12,Column13
0.20170110421785065,0.5296590322280755,0.16234521563852608,0.05570598097473156,0.0017553655153526946,0.00014115968620287634,0.0015443010469809537,0.009509881021633106,0.00033684821455151045,0.015452517615233632,4.696305698352557e-5,0.02095256559418097,0.0008490651896968613
