Column1,Column2,Column3,Column4,Column5,Column6,Column7,Column8,Column9,Column10,Column11,Column12,Column13
0.1235095204627,0.0831136867153142,0.1157858715256415,0.20322447483008518,0.08142461452778042,0.03844248432068729,0.024737514263064888,0.056503517308365316,0.026925821011871753,0.03879210490976851,0.0213068139825107,0.11488508072846373,0.07134849541374662
