Column1,Column2,Column3,Column4,Column5,Column6,Column7,Column8,Column9,Column10,Column11,Column12,Column13
0.12370736248784578,0.08290932391854974,0.11621416624146663,0.20318291972186917,0.08185304707834148,0.038540300577092644,0.02478642815405919,0.05634357553254611,0.026861387351079062,0.03876865051414555,0.02127143683604648,0.11479232860504589,0.07076907298191218
