Column1,Column2,Column3,Column4,Column5,Column6,Column7,Column8,Column9,Column10,Column11,Column12,Column13
0.19911933487955802,0.5317546853653783,0.16228068949067243,0.05583911320868089,0.0017528312703057203,0.00014260072876450203,0.0015418718164832339,0.00957234741501316,0.0003314662491237116,0.015468035870059252,4.826189074434958e-5,0.021290530869815485,0.0008582309454009833
