Column1,Column2,Column3,Column4,Column5,Column6,Column7,Column8,Column9,Column10,Column11,Column12,Column13
0.12030247430101731,0.08343025938845305,0.11513247629443263,0.20197081085341487,0.08103635233187284,0.03815471547224635,0.024356844912134887,0.056206689991710676,0.026745407417224563,0.03896066857577487,0.021479351138982153,0.11870054307126927,0.0735234062514666
