Column1,Column2,Column3,Column4,Column5,Column6,Column7,Column8,Column9,Column10,Column11,Column12,Column13
0.1910742776156986,0.5379645521858093,0.16244779569796378,0.055698704747295685,0.001743027602103217,0.0001301031551840083,0.0015262268072336405,0.00975026800388508,0.0003486807100346252,0.01572988778417018,5.9188178703138336e-5,0.022617568101829442,0.0009097194100893714
