Column1,Column2,Column3,Column4,Column5,Column6,Column7,Column8,Column9,Column10,Column11,Column12,Column13
0.0742095093025618,0.07693812964986815,0.07638932952329586,0.07634637361029938,0.07628769939759741,0.07555164120012325,0.07554877650444108,0.07695839246780588,0.07639026102416592,0.07759328664628128,0.07734577074169205,0.07996374394534958,0.08047708598651826
