Column1,Column2,Column3,Column4,Column5,Column6,Column7,Column8,Column9,Column10,Column11,Column12,Column13
0.19035886173440938,0.5395955884310967,0.1620345306043394,0.05526085432618237,0.0017444580493244741,0.00014733689060142022,0.0015137191440150251,0.009579454243774623,0.0003205700377422221,0.015914533118184047,4.477589612316166e-5,0.02257967469902446,0.0009056428251826732
